{
  "timestamp": "20250527_121415",
  "total_instances": 60,
  "problem_sizes": [
    20,
    50,
    100
  ],
  "overall_performance": {
    "eoh_avg_objective": 4.844798396000974,
    "baseline_avg_objective": 7.641409305007697,
    "avg_gap_vs_baseline": -36.26260208222623,
    "win_rate": 100.0,
    "eoh_feasible_rate": 100.0,
    "baseline_feasible_rate": 100.0
  },
  "by_problem_size": {
    "20": {
      "instances": 20,
      "eoh_avg_objective": 3.3503021981771233,
      "baseline_avg_objective": 5.248389553041851,
      "avg_gap": -35.553106056185754,
      "win_rate": 100.0
    },
    "50": {
      "instances": 20,
      "eoh_avg_objective": 4.728795843600311,
      "baseline_avg_objective": 7.463728120187542,
      "avg_gap": -36.51420113412247,
      "win_rate": 100.0
    },
    "100": {
      "instances": 20,
      "eoh_avg_objective": 6.455297146225493,
      "baseline_avg_objective": 10.212110241793699,
      "avg_gap": -36.720499056370485,
      "win_rate": 100.0
    }
  }
}