operator,avg_gap,min_gap,max_gap,avg_runtime
greedy_repair,3.626314370450256,3.2353734160150984,4.017255324885414,1.5695544481277466
regret_repair,5.8236721488271765,5.715826368293341,5.931517929361013,14.614808440208435
greedy_repair_with_local_search,1.2537071987058506,0.7279590186033972,1.779455378808304,36.037386536598206
insertion_priority_repair,5.8236721488271765,5.715826368293341,5.931517929361013,9.330719947814941
multi_phase_repair,3.383661364249124,3.0736047452143436,3.693717983283904,2.0042134523391724
